title,author,date,topic,classified_content
Barcaldine Solar Farm output – and the audacious 50% by 2030 renewables ambition,Paul McArdle,28-12-2016 01:49:00 PM,Long-Term Market trends and forecasts,"The summary of the news ""Barcaldine Solar Farm output – and the audacious 50% by 2030 renewables ambition"" posted at 28-12-2016 01:49:00 PM is: The article discusses the Barcaldine Solar Farm in Queensland, the first large-scale solar plant in the state, and its integration into the energy mix. It highlights the Queensland Government's ambitious goal of sourcing 50% of electricity from renewables by 2030, amidst challenges such as technical risks and the need for rational discourse to manage them. The current energy mix heavily relies on coal and gas, with some input from small-scale solar, and the transition poses risks and requires political will and strategic planning, as noted by energy analyst David Leitch. Its relevance level is: Level 3 (Less Relevant). Its category is: Energy policy. Its timeframe of the event impact on the electricity_market is: Long-term (by 2030). Its root_cause is: Queensland Government's renewable energy policy. Its accident scale is: Unknown. Its dates are: 28-12-2016. Its affected region is: Queensland, Australia. Its affected key users are: Unknown. Its cause type is: Policy change/ambition. Its causes are: Queensland Government’s renewable energy target, regulatory challenges, risks of energy transition."
"Alas, no time for a BBQ competition for summer 2016-17",Paul McArdle,23-12-2016 12:26:00 PM,Who's the best demand forecaster in the NEM?,"The summary of the news ""Alas, no time for a BBQ competition for summer 2016-17"" posted at 23-12-2016 12:26:00 PM is: The article discusses the WattClarity team's focus on understanding peak electricity demand over the summer, traditionally accompanied by a ""BBQ give-away"" competition, which they are unable to organize for summer 2016-17 due to other commitments. Instead, they are working on upgrades to various software products, including ez2view, NEM-Review, NEM-Watch, and new services in battery storage and demand response energy. Meanwhile, they provide the NEM-Watch Consumption Widget for public monitoring of operational demand. Wishing their readers happy holidays, the team at Global-Roam signals a busy start to 2017.; Its relevance level is: Level 3. Its category is: Energy policy. Its Timeframe of the event impact on the electricity_market is: Unknown. Its root_cause is: Unavailability of time to organize the competition due to client commitments and development projects. Its accident scale is: Unknown. Its dates is: 23-12-2016 12:26:00 PM. Its affected region is: Unknown. Its affected key users is: Energy consumers interested in electricity demand forecasts and monitoring. Its cause type is: Event postponement. Its causes is: Client engagements, software upgrades, and new service developments."
Managing Energy Sector Disruption is Like Delivering a Joke’s Punchline… Timing is Everything,Shane Cremin,20-12-2016 11:36:00 AM,Market Reform,"The summary of the news ""Managing Energy Sector Disruption is Like Delivering a Joke’s Punchline… Timing is Everything"" posted at 20-12-2016 11:36:00 AM is: The article discusses the significant impact of consumer-driven adoption of air conditioners on Australia's electricity system, highlighting how this demand led to substantial network upgrades and increased costs for consumers. These events underscore the need for timely and appropriate policy responses to manage similar disruptions caused by consumer adoption of solar and storage technologies. The piece argues that without proactive measures, the energy market faces inefficiencies and financial burdens from unforeseen demand patterns. The importance of implementing fit-for-purpose capacity mechanisms is emphasized, particularly as the nature of energy consumption and generation changes. Its relevance level is: Level 3. Its category is: Energy policy. Its timeframe of the event impact on the electricity_market is: Long-term impact over the past and coming decades. Its root_cause is: Consumer-driven adoption of air conditioning and later solar and storage systems. Its accident scale is: Unknown. Its dates are: 1990-2014 for air conditioning adoption impact, with ongoing implications. Its affected region is: Australia (particularly referencing the National Electricity Market and Western Australia). Its affected key users are: Homeowners, businesses, energy networks. Its cause type is: Market-driven consumer behavior and policy response issues. Its causes are: Rapid uptake of air conditioners and solar/storage systems without corresponding energy policy adjustments, leading to increased costs and network inefficiencies."
What’s going on with Victorian electricity demand?,Paul McArdle,18-12-2016 12:22:00 PM,Summer 2016-17 in the NEM,"The summary of the news ""What’s going on with Victorian electricity demand?"" posted at 18-12-2016 12:22:00 PM is: The article discusses a notable trend of declining electricity demand in Victoria, Australia, observed through the NEM-Watch dashboard. The decline is characterized by consistently low operational demand during both day and night, with historical data indicating a reduction of minimum daily demand since 2010. The post highlights the impact of mild weather in December and ongoing issues at the Alcoa smelter as contributing factors. It excludes solar PV as a cause due to the timing of minimum demands at night. The writer invites insights into this persistent decline. Its relevance level is: Level 3 (Less Relevant). Its category is: Residential surveys. Its Timeframe of the event impact on the electricity_market is: Unknown. Its root_cause is: Ongoing issues at the Alcoa smelter and mild weather conditions. Its accident scale is: Unknown. Its dates are: 18-12-2016. Its affected region is: Victoria, Australia. Its affected key users are: Unknown. Its cause type is: Structural and weather-related. Its causes are: Mild weather in December, commercial challenges at the Alcoa smelter, historical demand decline since 2010, and exclusion of solar PV due to nighttime minimums."
Forecasting is a Mug’s Game,Paul McArdle,16-12-2016 08:02:00 AM,A collection of some core analytical challenges,"The summary of the news ""Forecasting is a Mug's Game"" posted at 16-12-2016 08:02:00 AM is: The article discusses the inherent challenges and flaws in forecasting within the National Electricity Market, highlighting that perfect modeling of such a complex system is unrealistic. The three main flaws noted are: the limitations of models to accurately represent reality due to necessary simplifications, the importance of understanding input assumptions to avoid misinterpretation of forecasts, and the biases of human consultants in interpreting data. These factors underline the need for cautious and critical evaluation of forecasts to make effective decisions for the future. Its relevance level is: Level 3. Its category is: Energy policy. Its timeframe of the event impact on the electricity_market is: Ongoing/Long-term. Its root_cause is: Inadequacies in forecasting models and processes. Its accident scale is: Unknown. Its dates are: 16-12-2016. Its affected region is: National Electricity Market (Australia). Its affected key users are: Policy makers and electricity market stakeholders. Its cause type is: Analytical/Forecasting flaws. Its causes are: Inaccurate models, erroneous input assumptions, and human biases in forecasting."
Energy sector unions throw oil onto fire,Paul McArdle,15-12-2016 10:44:00 AM,Summer 2016-17 in the NEM,"The summary of the news ""Energy sector unions throw oil onto fire"" posted at 15-12-2016 10:44:00 AM is: The article discusses potential industrial action at the Loy Yang A power station, which presents a risk to energy supply in the NEM (National Electricity Market). The industrial action by the unionized workforce is viewed as self-destructive, potentially leading to redundancy for its workers amidst the decline of brown coal generation. The article also mentions the involvement of the government and the Fair Work Commission to mediate the dispute and notes the possibility of similar impacts on Loy Yang B. Despite the initial strike being called off, further industrial actions are being considered. Its relevance level is: Level 1 (Most Relevant). Its category is: Industrial action affecting supply stability. Its timeframe of the event impact on the electricity_market is: Immediate to a few months. Its root_cause is: Industrial action at Loy Yang A power station. Its accident scale is: Unknown. Its dates are: 15-12-2016, 21-12-2016 (ETU calls for strike). Its affected region is: Victorian region of the NEM. Its affected key users is: Energy consumers within the NEM. Its cause type is: Industrial relations issue. Its causes are: Unionized workforce's planned industrial action, risk of decreased generation capacity, government intervention to mediate dispute."
"Another day, another “Actual LOR2” Notice for South Australia",Paul McArdle,14-12-2016 08:29:00 AM,Summer 2016-17 in the NEM,"The summary of the news ""Another day, another “Actual LOR2” Notice for South Australia"" posted at 14-12-2016 08:29:00 AM is: The article discusses the frequent issuance of Market Notices by AEMO concerning potential load shedding in South Australia due to system instability. This instability is attributed to the region's high reliance on the Heywood interconnection to Victoria, with elevated electricity prices in South Australia as a result. The possibility of load shedding becomes more concerning following the events of December 1st, which have prompted increased attention from both government officials and the public. The meeting of Energy Ministers aligns with ongoing challenges related to these issues, contributing to notable market price fluctuations. Its relevance level is: Level 1 (Most Relevant). Its category is: grid/system instability. Its timeframe of the event impact on the electricity market is: Immediate, with potential ongoing impacts through summer. Its root cause is: High dependence on the Heywood interconnector causing system instability. Its accident scale is: Unknown. Its dates are: 14-12-2016. Its affected region is: South Australia. Its affected key users are: Unknown, but potentially includes all electricity consumers in South Australia. Its cause type is: Infrastructure dependency. Its causes are: High reliance on Heywood interconnection, system instability leading to potential load shedding."
AEMO notes low reserve conditions for SA (this summer and next) and in Victoria (next summer),Paul McArdle,06-12-2016 04:03:00 PM,Long-Term Market trends and forecasts,"The summary of the news ""AEMO notes low reserve conditions for SA (this summer and next) and in Victoria (next summer)"" posted at 06-12-2016 04:03:00 PM is: The Australian Energy Market Operator (AEMO) has issued a market notice indicating potential low reserve conditions in South Australia for the summer of 2016-17 and in both South Australia and Victoria for the summer of 2017-18. This concern arises particularly following the announced closure of the Hazelwood power station, which is expected to significantly affect the supply/demand balance in Victoria. Tools like ez2view's PASA and Forecast Convergence widgets have been used to assess the expected shortfall and track changes in forecasts over the past two years. Its relevance level is: Level 1. Its category is: Grid/system instability. Its timeframe of the event impact on the electricity_market is: Summer 2016-17 in South Australia and Summer 2017-18 in both South Australia and Victoria. Its root_cause is: Closure of the Hazelwood power station. Its accident scale is: Unknown. Its dates are: 06-12-2016 04:03:00 PM. Its affected region is: South Australia and Victoria. Its affected key users are: Unknown. Its cause type is: Supply/demand imbalance. Its causes are: Closure of Hazelwood power station, potential low reserve conditions."
South Australia islanded from the eastern part of the NEM overnight,Paul McArdle,01-12-2016 05:56:00 AM,Summer 2016-17 in the NEM,"The summary of the news ""South Australia islanded from the eastern part of the NEM overnight"" posted at 01-12-2016 05:56:00 AM is: South Australia experienced an electricity market event where it became 'islanded' from the eastern part of the National Electricity Market (NEM), leading to a rapid response from operational units at Torrens and Quarantine power stations to compensate for lost power. Prices spiked significantly to $14,000/MWh as generators ramped up. Fortunately, no load was reportedly lost during this event. Its relevance level is: Level 1. Its category is: grid/system instability. Its timeframe of the event impact on the electricity_market is: Immediate. Its root_cause is: Unknown at the time of reporting, pending investigation and formal report. Its accident scale is: Unknown. Its dates are: 01-12-2016. Its affected region is: South Australia. Its affected key users are: Energy consumers in South Australia. Its cause type is: Electrical system event. Its causes are: Islanding of South Australia from NEM, power constraints managed by operational units, absence of wind and solar generation leading to reliance on gas generators."
Belated record of a ‘1 in 20 years’ planned outage at Eraring Power Station that had all 4 units offline,Paul McArdle,30-11-2016 08:00:00 PM,Spring 2016 in the NEM,"The summary of the news ""Belated record of a ‘1 in 20 years’ planned outage at Eraring Power Station that had all 4 units offline"" posted at 30-11-2016 08:00:00 PM is: The article discusses a planned maintenance outage that occurred at the Eraring Power Station from October to November 2016, where all four units were offline for about four weeks. Origin Energy's reports and veteran recollections confirm it was due to essential maintenance on the cooling water outlet. This maintenance was described as a 'one in 20 years' event, highlighting its significance in ensuring the plant's operational reliability. Its relevance level is: Level 1. Its category is: turbine/generator failures. The Timeframe of the event impact on the electricity market is: October to November 2016. Its root cause is: Planned maintenance outage on cooling water infrastructure. Its accident scale is: Unknown. Its dates are: October to November 2016. Its affected region is: Lake Macquarie area, NSW, Australia. Its affected key users are: Unknown. Its cause type is: Planned outage for maintenance. Its causes are: Inspection and repair of the cooling water outlet common to all four units."
Summer 2016-17 in the NEM,Paul McArdle,29-11-2016 03:09:00 PM,Uncategorized,"The summary of the news ""Summer 2016-17 in the NEM"" posted at 29-11-2016 03:09:00 PM is: The article discusses events and developments that occurred in the National Electricity Market (NEM) during the summer of 2016-17, focusing on operational and market-related challenges; Its relevance level is: Level 3. Its category is: Energy policy. Its timeframe of the event impact on the electricity_market is: Summer 2016-17. Its root_cause is: Operational and market challenges during the specified timeframe. Its accident scale is: Unknown. Its dates are: 29-11-2016 03:09:00 PM. Its affected region is: National Electricity Market (NEM). Its affected key users are: Unknown. Its cause type is: Operational and market challenges. Its causes are: Unknown."
"So early in summer, will Queensland set a new record for peak demand?",Paul McArdle,29-11-2016 03:06:00 PM,Summer 2016-17 in the NEM,"The summary of the news ""So early in summer, will Queensland set a new record for peak demand?"" posted at 29-11-2016 03:06:00 PM is: The article discusses the high temperatures forecasted in Brisbane and surrounding areas, predicting potential peak electricity demand on the upcoming Friday in Queensland. The Australian Energy Market Operator (AEMO) forecasts that demand may exceed 9,000MW this Friday, approaching the all-time record set on February 1, 2016. The actual peak demand depends on various factors, including temperature and humidity levels, cloud cover affecting solar PV output, and potential price-induced demand response. Interested parties are encouraged to monitor consumption using an ECA-sponsored Electricity Consumption widget. Its relevance level is: Level 1 (Most Relevant). Its category is: Extreme weather. Its timeframe of the event impact on the electricity_market is: Short-term, focusing on the week of the forecast. Its root_cause is: High temperatures and humidity leading to increased electricity demand. Its accident scale is: Unknown. Its dates is: 29-11-2016, with a focus on the forecasted high demand on Friday of that week. Its affected region is: Queensland, particularly the Brisbane area. Its affected key users are: Residential and commercial electricity consumers in Queensland. Its cause type is: Weather-induced electricity demand. Its causes (a summarized list of cause events) is: High temperatures, increased humidity, cloud cover impacting solar PV, and potential price-induced demand response."
A big disconnect between words and actions?,Paul McArdle,18-11-2016 12:21:00 PM,Areas of deeper analysis,"The summary of the news ""A big disconnect between words and actions?"" posted at 18-11-2016 12:21:00 PM is: The article discusses the discrepancy between high levels of public support for renewable energy captured in surveys and the low percentage of individuals who directly pay for renewable energy programs like GreenPower in New South Wales (NSW). Despite 83% of survey respondents expressing support for renewables, less than 5% of residential customers financially contribute to such initiatives, suggesting a significant gap between intentions and actions, possibly due to lack of awareness or other barriers.; Its relevance level is: Level 3 (Less Relevant). Its category is: Residential surveys. Its timeframe of the event impact on the electricity_market is: Unknown. Its root_cause is: Discrepancy between public support and action for renewables. Its accident scale is: Unknown. Its dates are: 18-11-2016. Its affected region is: New South Wales (NSW). Its affected key users are: Residential customers. Its cause type is: Survey analysis. Its causes are: High public support for renewables, low financial contribution to renewable programs, lack of awareness of GreenPower program."
Hazelwood closure announcement reflected in MT PASA capacity forecasts,Paul McArdle,03-11-2016 02:32:00 PM,Spring 2016 in the NEM,"The summary of the news ""Hazelwood closure announcement reflected in MT PASA capacity forecasts"" posted at 03-11-2016 02:32:00 PM is: The announcement of the Hazelwood power station's closure by the end of March 2017 resulted in a notable forecasted reduction in available capacity within the market, prompting discussions about expected changes in bidding patterns and electricity pricing from the first to the second quarter of 2017; Its relevance level is: Level 1 (Most Relevant). Its category is: coal-fired policies. Its timeframe of the event impact on the electricity_market is: Short to medium term, covering the transition from Q1 to Q2 2017. Its root_cause is: The decision to close the coal-fired Hazelwood power station. Its accident scale is: The announcement itself is not an accident but a planned closure. Its dates are: 03-11-2016 and March 2017 for the closure. Its affected region is: National Electricity Market (NEM) region, particularly Victoria, Australia. Its affected key users are: Energy providers, market operators, and consumers within the NEM. Its cause type is: Policy decision. Its causes are: Planned closure of the Hazelwood power station, leading to reduced market capacity and potential pricing implications."
"What would price impacts be, if Hazelwood were to close in March 2017 as rumoured?",Paul McArdle,02-11-2016 12:16:00 PM,Spring 2016 in the NEM,"The summary of the news ""What would price impacts be, if Hazelwood were to close in March 2017 as rumoured?"" posted at 02-11-2016 12:16:00 PM is: The news article discusses the potential impacts on electricity prices if the Hazelwood power station in Victoria were to close in March 2017. It highlights the complexities of predicting price impacts due to various factors such as transmission constraints, changing participant behavior, and possible follow-on developments, making any price prediction unreliable. The article urges acceptance of the uncertainty in future outcomes and advises against making unrealistic predictions on electricity prices. Its relevance level is: Level 1 (Most Relevant). Its category is: Coal-fired policies. Its timeframe of the event impact on the electricity_market is: Unknown. Its root_cause is: Closure of Hazelwood power station. Its accident scale is: Unknown. Its dates are: 02-11-2016 12:16:00 PM. Its affected region is: Victoria, Australia. Its affected key users are: Unknown. Its cause type is: Speculative event. Its causes are: Closure of Hazelwood, transmission constraints, participant behavior changes, potential new renewable projects."
The new energy ecosystem,Simon Vardy,03-10-2016 10:30:00 AM,Areas of deeper analysis,"The summary of the news ""The new energy ecosystem"" posted at 03-10-2016 10:30:00 AM is: The article discusses the rapid transformation of the electricity industry, highlighting Australia as a focal point for this change. Accenture has released three reports detailing the shifts in this new energy ecosystem, emphasizing seismic technological and regulatory disruptions, consumer trends, and emerging business models. Key transformations include the rise of digital energy platforms, blockchain, and AI, alongside evolving consumer demands driven by millennials, who prioritize speed, relevance, and community-based interactions. Ultimately, the integration of distributed energy resources with grid optimization is essential, pointing towards future models like the Distribution Platform Optimiser. The piece underscores the need for Australian energy providers to develop a clear understanding of global and local industry dynamics to adapt effectively to ongoing change. Its relevance level is: Level 3. Its category is: Energy policy. Its timeframe of the event impact on the electricity_market is: Long-term. Its root_cause is: Technological and regulatory changes. Its accident scale is: Unknown. Its dates are: 03-10-2016. Its affected region is: Global, with a focus on Australia. Its affected key users are: Energy providers and consumers. Its cause type is: Structural and regulatory changes. Its causes are: Technological disruptions, regulatory reforms, evolving consumer preferences."
Wind speeds and the Blackout of South Australia,Paul McArdle,30-09-2016 12:40:00 PM,2016 - 28th September - State-Wide Blackout in South Australia,"The summary of the news ""Wind speeds and the Blackout of South Australia"" posted at 30-09-2016 12:40:00 PM is: The article discusses the state-wide blackout in South Australia on September 28, 2016, which was significantly influenced by high wind speeds leading to downed transmission lines. The blackout contributed to several questions concerning the factors leading to the power failure and the efforts for restoring electricity. The analysis includes a comparison of wind speeds from selected sites and the electricity demand in South Australia during the period in question.; Its relevance level is: Level 1 (Most Relevant). Its category is: Extreme weather. Timeframe of the event impact on the electricity_market is: Immediate and potentially lasting, as it relates to infrastructure recovery. The root_cause is: High wind speeds resulting in transmission line failures. Accident scale is: Large-scale, affecting the entire state. Dates are: 28th September 2016. Affected region is: South Australia. Affected key users are: Residents and businesses in South Australia. Cause type is: Natural and infrastructure-related. Causes are: High wind speeds, downed transmission lines, and the resulting power grid instability."
"First shot at trying to understand what went on, leading to the SA blackout of Wednesday 28th September",Paul McArdle,28-09-2016 11:39:00 PM,2016 - 28th September - State-Wide Blackout in South Australia,"The summary of the news ""First shot at trying to understand what went on, leading to the SA blackout of Wednesday 28th September"" posted at 28-09-2016 11:39:00 PM is: The article provides an initial exploration into the state-wide blackout experienced in South Australia on 28th September 2016. This exploration was conducted using the ez2view dashboard to track events from 06:00 to 17:00, including the blackout and initial restoration efforts, although details are limited due to time constraints. Its relevance level is: Level 1 (Most Relevant). Its category is: Grid/system instability. Its timeframe of the event impact on the electricity_market is: Unknown. Its root_cause is: Unknown. Its accident scale is: State-wide. Its dates is: 28-09-2016. Its affected region is: South Australia. Its affected key users is: Unknown. Its cause type is: Unknown. Its causes is: Unknown."
AEMO announces “Black System” across South Australia at 16:24 on Wednesday 28th September,Paul McArdle,28-09-2016 04:56:00 PM,2016 - 28th September - State-Wide Blackout in South Australia,"The summary of the news ""AEMO announces “Black System” across South Australia at 16:24 on Wednesday 28th September"" posted at 28-09-2016 04:56:00 PM is: The Australian Energy Market Operator (AEMO) declared a ""Black System"" event in South Australia following a state-wide blackout that occurred at 16:24 on Wednesday, 28th September. This blackout has caused the suspension of the electricity market in the region as efforts are made to restore power. The immediate focus is on the affected residents and the electricity industry workers striving to resolve the crisis. Its relevance level is: Level 1 (Most Relevant). Its category is: Grid/system instability. Its timeframe of the event impact on the electricity market is: Immediate to the short term, until power is restored and systems are stabilized. Its root_cause is: Grid/system instability. Its accident scale is: State-wide. Its dates (if different from the main date; if the same, repeat the same date) is: 28-09-2016. Its affected region is: South Australia. Its affected key users are: Residential and commercial electricity consumers across South Australia. Its cause type is: System failure. Its causes are: Severe weather conditions, including storms, leading to grid/system instability and subsequent blackout."
About the looming (potential) closure of Hazelwood power station,Paul McArdle,26-09-2016 08:23:00 AM,Spring 2016 in the NEM,"The summary of the news ""About the looming (potential) closure of Hazelwood power station"" posted at 26-09-2016 08:23:00 AM is: The article discusses the potential closure of the Hazelwood Power Station, a major coal-fired station in Victoria, Australia. It highlights the declining production volumes and financial considerations influencing shareholders' potential decision to close the station. Comparisons are made with renewable energy sources, emphasizing the challenges in replacing Hazelwood's capacity solely with wind and solar power due to their intermittency. The article also explores market indicators suggesting increasing electricity prices in Victoria and ongoing discussions around significant industrial sites in the region that could affect the supply-demand balance. Speculation is ongoing, with market reactions already suggesting anticipation of price increases, although no official closure announcement has been made. Its relevance level is: Level 1. Its category is: Coal-fired policies. The timeframe of the event impact on the electricity_market is: Speculated to be starting April 2017, if closure proceeds. The root_cause is: Declining production volumes and financial sustainability of Hazelwood Power Station. The accident scale is: Unknown. The dates are: 26-09-2016. The affected region is: Victoria, Australia. The affected key users are: Unknown. The cause type is: Economic and policy considerations. The causes are: Declining production volumes, financial considerations, shift toward renewable energy, and anticipated regulatory impacts."
Spring 2016 in the NEM,Paul McArdle,01-09-2016 08:43:00 AM,Uncategorized,"The summary of the news ""Spring 2016 in the NEM"" posted at 01-09-2016 08:43:00 AM is: The article discusses various aspects of the electricity market in the National Electricity Market (NEM) during the spring months (September, October, and November) of 2016. It focuses on the overall trends and developments affecting electricity supply and demand during this period, though the specific content details are not provided in the excerpt.; Its relevance level is: Level 3. Its category is: Energy policy. Its timeframe of the event impact on the electricity_market is: September to November 2016. Its root_cause is: Seasonal electricity market trends. Its accident scale is: Unknown. Its dates are: 01-09-2016 08:43:00 AM. Its affected region is: National Electricity Market (NEM). Its affected key users are: Unknown. Its cause type is: Market trends and seasonal changes. Its causes are: Unknown."
Infigen Energy suffering from “wind correlation penalty” in South Australian wind farms,Paul McArdle,01-09-2016 08:41:00 AM,Areas of deeper analysis,"The summary of the news ""Infigen Energy suffering from “wind correlation penalty” in South Australian wind farms"" posted at 01-09-2016 08:41:00 AM is: The article discusses Infigen Energy's financial recovery, highlighted by a $7 million profit due mainly to increased electricity and renewable energy certificate prices as well as rising wholesale futures prices in South Australia and New South Wales. However, it also delves into the ""wind correlation penalty"" that affects wind farm operators, where highly correlated output among wind farms in South Australia diminishes potential revenue, especially during periods of low demand and negative bids. While higher futures prices offer potential benefits, Infigen's wind-focused strategy might limit these advantages compared to more dispatchable energy sources like gas-fired plants. Additionally, despite rising spot revenues, gas generators face challenges due to increased operational costs and limited production, influenced by the influx of wind energy. Its relevance level is: Level 2 (Relevant). Its category is: Market reactions. Its timeframe of the event impact on the electricity market is: Short to medium term, especially impacting 2016-17 as referenced. Its root cause is: The ""wind correlation penalty"" due to synchronous generation output among wind farms, leading to lower revenue potentials. Its accident scale is: Unknown. Its dates are: 01-09-2016 08:41:00 AM. Its affected region is: South Australia. Its affected key users are: Infigen Energy and potentially other wind farm operators in the South Australian market. Its cause type is: Market dynamics and energy supply structure. Its causes are: Highly correlated outputs of wind farms, the closure of coal-fired power stations, rising electricity and renewable certificate prices, and increasing reliance on renewable and gas-fired energy sources."
Ararat Wind Farm begins production in Victoria during August,Paul McArdle,31-08-2016 09:36:00 AM,Winter 2016 in the NEM,"The summary of the news ""Ararat Wind Farm begins production in Victoria during August"" posted at 31-08-2016 09:36:00 AM is: The Ararat Wind Farm in Victoria commenced electricity generation on August 19, 2016, contributing to the ACT Government's target for 100% renewable energy. Initial output is small relative to the total wind production in the state, but increased production is anticipated as operations continue to ramp up.; Its relevance level is: Level 3 (Less Relevant). Its category is: Energy policy. Its timeframe of the event impact on the electricity_market is: Short-term initially, with potential for long-term impact as production ramps up. Its root_cause is: Policy-driven investment in renewable energy. Its accident scale is: Unknown. Its dates are: 19-08-2016. Its affected region is: Victoria, Australia. Its affected key users are: Unknown. Its cause type is: Policy initiative. Its causes are: The commencement of wind energy production driven by the ACT Government's renewable energy target."
"Increased complexity, and challenges, in this energy transition",Paul McArdle,19-08-2016 02:10:00 PM,Energy Transition,"The summary of the news ""Increased complexity, and challenges, in this energy transition"" posted at 19-08-2016 02:10:00 PM is: The article discusses insights from the Clean Energy Council's Summit presentations, highlighting the complexities and challenges associated with the transition to renewable energy sources like solar PV, wind, and battery storage. A particular focus is on a presentation by Kobad Bhavnagri from Bloomberg New Energy Finance, emphasizing the increasing complexity in power system management due to variable and partially controllable supply sources. David Swift from AEMO further elaborates that while challenges exist, they are not insurmountable problems, and solutions are in progress. The discussions reflect broader debates on energy transition, resisting overly simplistic views and urging more detailed planning and solution implementation as electricity markets experience fluctuating spot and forward contract prices. Its relevance level is: Level 3 (Less Relevant). Its category is: Energy policy. Its Timeframe of the event impact on the electricity_market is: Long-term, ongoing impacts. Its root_cause is: Transition to renewable energy sources. Its accident scale is: Unknown. Its dates are: 19-08-2016. Its affected region is: Australia. Its affected key users are: Stakeholders in the electricity market, particularly those affected by price fluctuations. Its cause type is: Structural changes due to energy policy shifts. Its causes are: Increasing complexity in power management, transition to renewables, and need for detailed planning solutions."
Another day where LOR2 notice issued for SA – what does it mean?,Paul McArdle,10-08-2016 11:39:00 AM,Winter 2016 in the NEM,"The summary of the news ""Another day where LOR2 notice issued for SA – what does it mean?"" posted at 10-08-2016 11:39:00 AM is: The Australian Energy Market Operator (AEMO) issued a Market Notice indicating a heightened risk to South Australia's power supply due to potential separation from the National Electricity Market (NEM). This situation, driven by surplus wind power and reduced thermal plant operations, could lead to power interruptions if a credible contingency, such as a network failure, occurs. The constraints on the Heywood interconnector contributed to the issue. Despite increased Raise Regulation Frequency Control Ancillary Services (FCAS) procurement, load shedding might still be necessary; Its relevance level is: Level 1 (Most Relevant). Its category is: Grid/system instability. Its timeframe of the event impact on the electricity_market is: Short-term impact if the contingency occurs. Its root_cause is: Risk of separation from NEM due to grid constraints and high wind generation. Its accident scale is: Unknown. Its dates are: 10-08-2016. Its affected region is: South Australia. Its affected key users are: Unknown. Its cause type is: System instability due to external generation and network constraints. Its causes are: Surplus wind generation, constrained interconnector capacity, reduced thermal plant operations, and heightened risk of credible contingency events."
How have weather patterns influenced Victorian electricity demand so far this winter?,Rob Davis,08-08-2016 07:34:00 AM,Winter 2016 in the NEM,"The summary of the news ""How have weather patterns influenced Victorian electricity demand so far this winter?"" posted at 08-08-2016 07:34:00 AM is: The article discusses the influence of weather patterns on Victoria's electricity demand during the winter of 2016. It highlights that the warmer-than-normal winter in Melbourne, as indicated by Effective Degree Days (EDDs), is primarily caused by a lack of early-season cool spells. This weather anomaly is linked to the conclusion of a strong El Nino event and the emergence of a negative Indian Ocean Dipole (IOD) event. Going forward, colder-than-normal temperatures are expected for late winter and spring, which will impact the National Electricity Market (NEM). Moreover, potential upcoming La Nina events could forecast extreme hot days for the Summer of 2016-17. Its relevance level is: Level 3 (Less Relevant). Its category is: Energy policy. The timeframe of the event impact on the electricity_market is: Winter 2016-2017 and potentially Summer 2016-17. Its root_cause is: Climatic conditions, specifically the negative IOD event and remnants of a strong El Nino. Its accident scale is: Unknown. Its dates are: 2016 (main date, 08-08-2016). Its affected region is: Victoria, particularly Melbourne, within the National Electricity Market. Its affected key users are: Unknown. Its cause type is: Climatic phenomena. Its causes are: A strong El Nino event diminishing, onset of a negative IOD event, lack of early-season cool spells, and potential La Nina event influencing summer forecasts."
The war for dispatch: Who will control distributed energy?,Matt Rennie,04-08-2016 12:24:00 PM,Areas of deeper analysis,"The summary of the news ""The war for dispatch: Who will control distributed energy?"" posted at 04-08-2016 12:24:00 PM is: The article discusses the complexities and challenges of decision-making in the dispatch of distributed energy in the evolving energy market. As distributed energy gains prominence with increased integration of renewables, battery, and solar technology, different stakeholders such as retailers, network companies, and system controllers will vie for control over dispatch decisions. Each player has unique motivations, like optimizing customer interactions for retailers, flattening peaks for network companies, or balancing the system for controllers. The lack of alignment between these drivers complicates the establishment of a market-based system for dispatch, raising questions about who will control the dispatch process. Its relevance level is: Level 3 (Less Relevant). Its category is: Energy policy. Timeframe of the event impact on the electricity market is: Unknown. Root cause is: The expanding role and integration of distributed energy resources in the electricity market. Accident scale is: Unknown. Dates are: 04-08-2016 12:24:00 PM. Affected region is: Global. Affected key users are: Retailers, network companies, and system controllers. Cause type is: Market structural changes. Causes are: Integration of renewables, batteries, solar equipment, and rise of virtual power plants affecting roles and operations of market participants."
"If I was going to assess Factors Contributing to the “truly remarkable” Q2 2016 prices, here are some starting places I’d look…",Paul McArdle,25-07-2016 11:05:00 AM,Areas of deeper analysis,"The summary of the news ""If I was going to assess Factors Contributing to the “truly remarkable” Q2 2016 prices, here are some starting places I’d look…"" posted at 25-07-2016 11:05:00 AM is: The analysis discusses various systemic challenges affecting the National Electricity Market (NEM) in Q2 2016. It highlights issues with coal's declining viability, the interconnectedness of gas and electricity markets, climate-challenged hydro capacity, lack of wind diversity, solar PV variability, and competition issues in South Australia. These systemic factors contributed to remarkable price patterns observed in the market. The discussion calls for technological neutrality in policy debates and focuses on the implications of pricing patterns rather than pinpointing specific causes. It advocates for mature, collaborative discussions to resolve these systemic challenges as part of a broader energy transition.; Its relevance level is: Level 1 (Most Relevant). Its category is: Grid/system instability. Its timeframe of the event impact on the electricity_market is: Immediate to short-term. Its root_cause is: Systemic challenges such as the declining coal industry, linked gas and electricity markets, hydro constraints due to climate change, wind and solar inefficiencies, and market competition issues. Its accident scale is: Unknown. Its dates is: 25-07-2016 11:05:00 AM. Its affected region is: National Electricity Market (NEM), with specific mention of South Australia and Tasmania. Its affected key users is: Major industrial energy users. Its cause type is: Systemic. Its causes is: Decline in coal viability, gas-electricity market linkage, reduced hydro storage due to climate change, wind and solar capacity issues, insufficient competition in South Australia."
The Emotion-o-Meter,Paul McArdle,23-07-2016 01:00:00 PM,Energy Transition,"The summary of the news ""The Emotion-o-Meter"" posted at 23-07-2016 01:00:00 PM is: The article discusses the diverse viewpoints among stakeholders in the Australian electricity supply industry, emphasizing the challenge of establishing a long-term, politically-sustainable energy transition framework due to the wide spectrum of political ideologies involved; Its relevance level is: Level 3 (Less Relevant). Its category is: Energy policy. Its timeframe of the event impact on the electricity_market is: Unknown. Its root_cause is: Diverse political views complicating energy policy negotiations. Its accident scale is: Unknown. Its dates are: 23-07-2016. Its affected region is: Australia. Its affected key users are: Unknown. Its cause type is: Political. Its causes are: Diverse political views among stakeholders in the energy sector."
A model’s just a model – it’s not reality (though some models might be useful),Paul McArdle,23-07-2016 12:00:00 PM,A collection of some core analytical challenges,"The summary of the news ""A model’s just a model – it’s not reality (though some models might be useful)"" posted at 23-07-2016 12:00:00 PM is: The article discusses the inherent limitations of analytical models and emphasizes that, while models can offer useful insights, they should not be equated with reality. This discussion is relevant in the context of ongoing dialogues in the National Electricity Market (NEM) and draws on previous reflections, such as the RET Review process of 2014. Its relevance level is: Level 3. Its category is: Energy policy. Its timeframe of the event impact on the electricity_market is: Unknown. Its root_cause is: Limitations of analytical models. Its accident scale is: Unknown. Its dates is: 23-07-2016. Its affected region is: National Electricity Market (NEM) jurisdictions. Its affected key users is: Policy makers and analysts. Its cause type is: Analytical challenges. Its causes is: Misalignment between models and reality in policy analysis."
Note – we see the “Energy Transition” as very broad,Paul McArdle,21-07-2016 12:00:00 PM,Energy Transition,"The summary of the news ""Note – we see the 'Energy Transition' as very broad"" posted at 21-07-2016 12:00:00 PM is: The article discusses the expansive nature of the energy transition, which encompasses not just climate change mitigation and decarbonization of electricity supplies, but also involves technological advancements and shifts in consumer preferences. It highlights the growing awareness of electricity's critical role in society; Its relevance level is: Level 3 (Less Relevant). Its category is: Energy policy. Its timeframe of the event impact on the electricity market is: Long-term strategic impact. Its root cause is: Technological change and evolving societal needs. Its accident scale is: Unknown. Its dates are: 21-07-2016 12:00:00 PM. Its affected region is: Unknown. Its affected key users are: Unknown. Its cause type is: Systemic societal and technological evolution. Its causes are: Broadening scope of the energy transition, including policy shifts, technological advancements, and changing consumer behavior."
"Win, lose or draw: Three scenarios for the electricity system in 2030",Anthony Seipolt,20-07-2016 03:33:00 PM,Long-Term Market trends and forecasts,"The summary of the news ""Win, lose or draw: Three scenarios for the electricity system in 2030"" posted at 20-07-2016 03:33:00 PM is: The article explores three potential scenarios for the Australian electricity system by 2030, focusing on distributed energy's influence. The ""Aimless transformation"" scenario predicts continued but unorganized solar adoption, leading to financial strain on networks and high electricity prices. The ""Balkanized network"" scenario suggests initial stagnation in solar growth due to tariff changes, followed by significant network defection as technology costs drop and electricity rates rise, causing economic strain on remaining network users. In the ""Embracing the transformation"" scenario, stakeholders standardize regulatory principles, enabling a more integrated and efficient energy market with diversified revenue streams for networks, leading to lower electricity prices overall. Its relevance level is: Level 3 (Less Relevant). Its category is: Energy policy. Its timeframe of the event impact on the electricity market is: Long-term (post-2020 impact). Its root cause is: The shift towards distributed energy resources and evolving energy policies. Its accident scale is: Unknown. Its dates are: 20-07-2016. Its affected region is: Australia. Its affected key users are: General consumers, electricity networks, and large end users. Its cause type is: Structural transformation and policy evolution. Its causes are: Distributed energy growth, regulatory changes, network defection, and evolving market principles."
Hornsdale Wind Farm starting up at a time in South Australia when every MWh matters,Paul McArdle,08-07-2016 12:05:00 PM,Winter 2016 in the NEM,"The summary of the news ""Hornsdale Wind Farm starting up at a time in South Australia when every MWh matters"" posted at 08-07-2016 12:05:00 PM is: The initial generation at the Hornsdale Wind Farm in South Australia is beginning, with early outputs barely peaking above 10MW, amidst a volatile period marked by planned transmission outages, low wind, and high gas prices, which underscore the larger challenges of the energy transition in the region. Its relevance level is: Level 2 (Relevant). Its category is: market reactions. Its timeframe of the event impact on the electricity market is: Immediate to short term. Its root cause is: Newly operational wind farm capacity amidst transmission and fuel price challenges. Its accident scale is: Unknown. Its dates are: 08-07-2016 12:05:00 PM. Its affected region is: South Australia. Its affected key users are: Unknown. Its cause type is: Market and operational conditions. Its causes are: Planned transmission outages, low wind generation, high gas prices."
"Reviewing Q2 prices – short-term excursion, or more systemic change in pricing patterns?",Paul McArdle,04-07-2016 07:45:00 AM,Review of Q2 Price Outcomes,"The summary of the news ""Reviewing Q2 prices – short-term excursion, or more systemic change in pricing patterns?"" posted at 04-07-2016 07:45:00 AM is: The article reviews the exceptional electricity price patterns observed across all regions of the National Electricity Market (NEM) in Q2 2016, noting that average prices rose markedly compared to historical norms, with prices frequently exceeding $100/MWh. This anomaly is likened to the drought-affected year of 2007, raising questions about whether it signals a fleeting occurrence or a longer-term shift in market dynamics. The analysis highlights that no single NEM-wide cause can explain the price increases, suggesting multiple contributing factors, including changing market dynamics and systemic challenges. The review points out the broad impact of these pricing patterns across the NEM, affecting consumers and key industry players; Its relevance level is: Level 2. Its category is: Market reactions. Its timeframe of the event impact on the electricity_market is: Short to medium term. Its root_cause is: Multiple factors including systemic market changes and supply-demand imbalances. Its accident scale is: N/A. Its dates are: Q2 2016 (April, May, June 2016). Its affected region is: All regions of the National Electricity Market (NEM) in Australia. Its affected key users are: Major energy users and consumers within the NEM. Its cause type is: Market dynamics and environmental factors. Its causes are: High price incidences, Q2 systemic market changes, regional supply-demand imbalance, drought comparison, and carbon tax influences in past years."
Exceptional pricing during Q2 in South Australia (but really across all regions) hurting major energy users,Paul McArdle,29-06-2016 02:26:00 PM,Winter 2016 in the NEM,"The summary of the news ""Exceptional pricing during Q2 in South Australia (but really across all regions) hurting major energy users"" posted at 29-06-2016 02:26:00 PM is: The article discusses the consistently high electricity prices in South Australia during the second quarter, exacerbated by high gas prices, low wind production, and the post-closure of coal generation at Northern. These factors contributed to significant price increases impacting major energy users, highlighted by a snapshot taken on June 27th. The situation was noted for its extended duration, showing elevated daily average prices over the past approximately 540 days; Its relevance level is: Level 2. Its category is: Fuel prices. The timeframe of the event impact on the electricity_market is: Unknown. Its root_cause is: High gas prices and low wind production combined with the closure of coal generation. Its accident scale is: Unknown. Its dates are: 27-06-2016. Its affected region is: South Australia. Its affected key users are: Major energy users. Its cause type is: Market-related. Its causes are: High gas prices, low wind production, closure of coal generation at Northern."
"The opacity of distributed, small-scale solar PV output",Paul McArdle,17-06-2016 09:16:00 AM,Outside the NEM (including international),"The summary of the news ""The opacity of distributed, small-scale solar PV output"" posted at 17-06-2016 09:16:00 AM is: The article discusses the growing challenges of integrating distributed small-scale solar photovoltaic (PV) systems into Australia's National Electricity Market (NEM). It highlights the lack of real-time data on solar PV output, which complicates system operations. Various methodologies, developed by APVI with ARENA funding and AEMO, are currently in use to estimate solar output, each with its own limitations. The need for improved data aggregation methods to enhance system visibility and reliability is emphasized, along with the integration of these estimates into market tools like NEM-Watch and NEM-Review. The article also mentions efforts to acquire similar international data. Its relevance level is: Level 3. Its category is: Energy policy. Its timeframe of the event impact on the electricity_market is: Long-term impact as the integration and improved estimation methods evolve over time. Its root_cause is: Invisibility and lack of real-time data of distributed small-scale solar PV outputs. Its accident scale is: Unknown. Its dates are: 17-06-2016. Its affected region is: Australia. Its affected key users are: Electricity system operators and market analysts. Its cause type is: Systemic issue in data aggregation. Its causes are: Fragmented data collection methods, estimation limitations, lack of real-time data insights."
Winter 2016 in the NEM,Paul McArdle,03-06-2016 12:42:00 PM,Uncategorized,"The summary of the news ""Winter 2016 in the NEM"" posted at 03-06-2016 12:42:00 PM is: The article discusses observations and analyses conducted during the winter of 2016 concerning the National Electricity Market (NEM) with an emphasis on various events and dynamics affecting the market during that period. Its relevance level is: Level 3. Its category is: Energy policy. Its timeframe of the event impact on the electricity_market is: Winter 2016. Its root_cause is: Market and policy observations. Its accident scale is: Unknown. Its dates are: 03-06-2016 12:42:00 PM. Its affected region is: NEM. Its affected key users are: Unknown. Its cause type is: Observational analysis. Its causes are: Observations of market dynamics during winter 2016."
Update on “cost” of Tassie’s energy crisis,Paul McArdle,03-06-2016 12:38:00 PM,Winter 2016 in the NEM,"The summary of the news ""Update on 'cost' of Tassie’s energy crisis"" posted at 03-06-2016 12:38:00 PM is: The article discusses the financial impact of the Tasmanian energy crisis, which reportedly reached $560 million, as claimed by Energy Quest. It explains that assessing the true cost involves comparing the current situation to hypothetical scenarios without the crisis, which is challenging in an interconnected market. Using NEM-Review, a comparison was made between half-hourly spot prices from January 1st to June 3rd, 2016, and similar periods in previous years, revealing significant cost differences. While Energy Quest's number is substantial, it also considers factors not accounted for in the NEM-Review analysis, like curtailed production at major energy users and opportunity costs for smaller companies and households.; Its relevance level is: Level 2. Its category is: market reactions. Its timeframe of the event impact on the electricity_market is: January 1st to June 3rd, 2016. Its root_cause is: Tasmanian electricity supply crisis leading to high energy costs. Its accident scale is: Unknown. Its dates are: 03-06-2016. Its affected region is: Tasmania. Its affected key users are: Major energy users, smaller Tasmanian companies, and households. Its cause type is: Economic/Market impact. Its causes are: Increased energy costs due to electricity supply crisis, unplanned demand response, and higher-than-average half-hourly spot prices."
Brown coal generation ceases in South Australia with the closure of Northern Power Station,Paul McArdle,09-05-2016 12:14:00 PM,Autumn 2016 in the NEM,"The summary of the news ""Brown coal generation ceases in South Australia with the closure of Northern Power Station"" posted at 09-05-2016 12:14:00 PM is: The announcement marks the closure of the Northern Power Station in South Australia, ceasing its brown coal generation which led to a noticeable rise in electricity prices in the region, reaching $400 per MWh. This event is being closely tracked and analyzed within the energy market and is documented in the NEM-Watch and ez2viewAustralia tools.; Its relevance level is: Level 1 (Most Relevant). Its category is: Coal-fired policies. Its timeframe of the event impact on the electricity market is: Immediate, as indicated by the rise in electricity prices shortly following the closure. Its root cause is: The cessation of brown coal generation due to the power station's closure. Its accident scale is: Unknown, as the article does not specify further impact details beyond electricity pricing. Its dates are: 09-05-2016. Its affected region is: South Australia. Its affected key users are: Unknown, though likely widespread due to regional electricity consumption. Its cause type is: Policy-related cessation of operations. Its causes are: Closure of Northern Power Station leading to cessation of brown coal generation, resulting in market price increase."
Quick wrap of the winners of our “best forecaster in the NEM” competition for extended summer 2015-16,Paul McArdle,29-04-2016 09:17:00 AM,Who's the best demand forecaster in the NEM?,"The summary of the news ""Quick wrap of the winners of our “best forecaster in the NEM” competition for extended summer 2015-16"" posted at 29-04-2016 09:17:00 AM is: The article announces the winners of a forecasting competition aimed at predicting peak electricity demand across Australia's National Electricity Market (NEM) during the extended summer of 2015-16. Key mentions include the overall NEM-wide peak demand reaching 32,099MW on 13th January 2016, with winner Stuart Watts, and peak demands in regions such as Queensland, NSW, Victoria, South Australia, and Tasmania during different periods within the summer. The article also highlights the surprisingly low peak in wind generation and notes the ongoing analysis and interest in forecasting trends within the electricity market. Its relevance level is: Level 3. Its category is: Residential satisfaction. Its Timeframe of the event impact on the electricity_market is: Limited to the duration and outcome announcement of the competition. Its root_cause is: The focus on forecasting and analyzing peak demand trends in the electricity market. Its accident scale is: Unknown. Its dates are: Various, specific regional peak demands occurring between December 2015 and February 2016, with the final announcement on 29th April 2016. Its affected region is: National Electricity Market (NEM) regions across Australia. Its affected key users are: Forecasters and analysts involved in the NEM. Its cause type is: Demand forecasting and analysis. Its causes are: Analysis of peak electricity demand trends and competition entries predicting these trends."
Comparison of spot (i.e. physical) and contract (i.e. financial) for calendar 2015,Paul McArdle,21-04-2016 03:38:00 PM,Areas of deeper analysis,"The summary of the news ""Comparison of spot (i.e. physical) and contract (i.e. financial) for calendar 2015"" posted at 21-04-2016 03:38:00 PM is: The article provides a high-level comparison between contract prices and final spot prices for the calendar year 2015 across four mainland regions, responding to questions from an energy user and offering insights potentially useful to readers interested in electricity price dynamics. Its relevance level is: Level 3 (Less Relevant). Its category is: Residential satisfaction. Its timeframe of the event impact on the electricity_market is: Unknown. Its root_cause is: Market analysis comparison. Its accident scale is: Unknown. Its dates are: 21-04-2016. Its affected region is: Four mainland regions. Its affected key users are: Energy users. Its cause type is: Analytical. Its causes are: Comparison of 2015 spot and contract prices across regions."
What happens when energy is free?,Paul McArdle,07-04-2016 10:49:00 AM,Energy Transition,"The summary of the news ""What happens when energy is free?"" posted at 07-04-2016 10:49:00 AM is: The article explores the potential future scenario where energy costs approach zero, driven by advances in distributed solar and storage technology. The decline in solar panel and storage costs, along with societal and corporate subsidies, could lead to significant changes in the energy market, including stranded investments in traditional power infrastructure and a shift towards localized energy dispatch. The piece invites further discussion on the implications of such a transition on the electricity market.; Its relevance level is: Level 3 (Less Relevant). Its category is: Energy policy. Its Timeframe of the event impact on the electricity_market is: Unknown. Its root_cause is: Technological advancements in distributed solar and storage and potential societal and corporate subsidies. Its accident scale is: Unknown. Its dates are: 07-04-2016. Its affected region is: Unknown. Its affected key users are: Unknown. Its cause type is: Technological and Economic. Its causes are: Declining solar panel and storage costs, potential subsidies, and changes in energy distribution models."
Victoria’s demand response opportunities analysed,Michael Williams,24-03-2016 10:55:00 AM,Autumn 2016 in the NEM,"The summary of the news ""Victoria’s demand response opportunities analysed"" posted at 24-03-2016 10:55:00 AM is: The article by Mike Williams discusses the potential for end users in Victoria within the National Electricity Market (NEM) to exploit demand response opportunities. Williams, the CEO of Altus Energy Strategies, advocates for customized energy strategies that differ from the standardized offers by traditional energy retailers. These tailored solutions focus on reducing energy costs and risks for energy-intensive enterprises by aligning their operational needs with available energy supply options, thus avoiding the risk premiums and lack of customization inherent in retailer offerings. Its relevance level is: Level 3 (Less Relevant). Its category is: Energy policy. Its timeframe of the event impact on the electricity_market is: Unknown. Its root_cause is: Demand response options for energy cost and risk reduction. Its accident scale is: Unknown. Its dates are: 24-03-2016. Its affected region is: Victoria. Its affected key users are: Energy-intensive enterprises. Its cause type is: Strategic market approach. Its causes are: Demand response opportunities, lack of retailer customization, cost reduction strategies."
Diesel gensets start popping up across Tasmania,Paul McArdle,18-03-2016 03:57:00 PM,Autumn 2016 in the NEM,"The summary of the news ""Diesel gensets start popping up across Tasmania"" posted at 18-03-2016 03:57:00 PM is: The article discusses the increased use of diesel generators in Tasmania due to concerns over electricity supply stability. It highlights how these generators are now visible in the AEMO dataset, indicating a shift in the generation mix as captured in monitoring tools like NEM-Watch. This shift provides insights into the evolving supply and demand dynamics in the region.; Its relevance level is: Level 1 (Most Relevant). Its category is: Grid/system instability. Its timeframe of the event impact on the electricity_market is: Short to medium term, as the presence of diesel gensets indicates potential ongoing supply issues. Its root_cause is: Electricity supply concerns in Tasmania. Its accident scale is: Unknown. Its dates are: 18-03-2016. Its affected region is: Tasmania. Its affected key users are: Unknown. Its cause type is: Supply-related adjustments. Its causes are: Increased reliance on diesel generators due to electricity supply instability."
Pool Pass-through and DSM Opportunity and Risks in New South Wales,Michael Williams,17-03-2016 03:39:00 PM,Uncategorized,"The summary of the news ""Pool Pass-through and DSM Opportunity and Risks in New South Wales"" posted at 17-03-2016 03:39:00 PM is: The article by guest author Mike Williams discusses the potential benefits and risks associated with the pool price pass-through strategy and demand-side management (DSM) in New South Wales. As the founder and CEO of Altus Energy Strategies, Williams emphasizes that customized energy solutions can significantly reduce costs and risks for energy-intensive enterprises compared to traditional bundled energy supply offers from retailers. By leveraging a diverse range of energy supply options, companies can tailor their energy strategies to their specific operational needs.; Its relevance level is: Level 3 (Less Relevant). Its category is: Energy policy. Its Timeframe of the event impact on the electricity market is: Unknown. Its root cause is: Unknown. Its accident scale is: Unknown. Its dates are: 17-03-2016 03:39:00 PM. Its affected region is: New South Wales. Its affected key users are: Energy-intensive enterprises. Its cause type is: Policy and strategy. Its causes are: Unknown."
Some thoughts on the shaky state of Tassie electricity supply,Paul McArdle,10-03-2016 09:21:00 AM,Autumn 2016 in the NEM,"The summary of the news ""Some thoughts on the shaky state of Tassie electricity supply"" posted at 10-03-2016 09:21:00 AM is: Tasmania is experiencing a significant electricity supply crisis due to a fault in the Basslink cable that occurred on 20th December 2015, along with low hydro storage levels exacerbated by low rainfall and increased demand. Consequently, major industrial users have reduced electricity consumption, and diesel generators are being installed to alleviate the shortfall, while the Tamar Valley gas plant has been restarted. There are considerations and debates surrounding the potential construction of another interconnector cable and possible solar incentives, but action remains uncertain amid finger-pointing regarding preparedness and management decisions leading up to the crisis. Electricity prices have surged, impacting the Tasmanian economy significantly. The timeframe of the event impact on the electricity_market is: ongoing since December 2015, with an uncertain resolution likely extending into mid-2016; Its relevance level is: Level 1. Its category is: Grid/system instability. Its root_cause is: Basslink cable fault and low hydro storage levels. The accident scale is: Statewide impact affecting major industrial users. The dates are: 20th December 2015 (fault occurrence), ongoing developments till at least June 2016 anticipated. The affected region is: Tasmania, Australia. The affected key users are: Large industrial electricity consumers and the broader Tasmanian economy. The cause type is: Technical fault and resource scarcity. The causes are: Basslink cable failure, below-average hydroelectric reserves, drought conditions impacting water inflows, and lack of alternative generation infrastructure."
How small-scale solar PV is helping to moderate peak demand,Paul McArdle,09-03-2016 08:55:00 AM,Autumn 2016 in the NEM,"The summary of the news ""How small-scale solar PV is helping to moderate peak demand"" posted at 09-03-2016 08:55:00 AM is: The article discusses how small-scale solar photovoltaic (PV) installations have influenced peak electricity demand in the National Electricity Market (NEM) of Australia, particularly in New South Wales (NSW). On the referenced day, solar PV contributed to a reduction in peak Scheduled Demand and shifted the peak demand time to later in the day. The article notes this trend is typical for summer demand shapes but cautions against assuming that increased solar PV capacity will linearly reduce peak demand due to its output characteristics. This situation may lead to the ""Duck Curve"" issue, where peak demand could eventually fall outside daylight hours, reducing the effectiveness of solar PV in further cutting peak demand. Its relevance level is: Level 3. Its category is: Energy policy. Its timeframe of the event impact on the electricity_market is: Immediate with short-term implications. Its root_cause is: Increased small-scale solar PV penetration. Its accident scale is: None. Its dates are: 25-02-2016. Its affected region is: New South Wales (NSW), Australia. Its affected key users are: Electricity consumers in the NEM. Its cause type is: Technological integration. Its causes are: Increase in solar PV installations, changing demand patterns in the electricity market."
Autumn 2016 in the NEM,Paul McArdle,08-03-2016 12:25:00 PM,Uncategorized,"The summary of the news ""Autumn 2016 in the NEM"" posted at 08-03-2016 12:25:00 PM is: This article is a compilation of several discussions concerning the events and developments within Australia's National Electricity Market (NEM) during the autumn months of 2016, specifically March through May. It highlights various happenings that might have contributed to market dynamics during this period but does not focus on any specific event or cause. Its relevance level is: Level 3. Its category is: Energy policy. Its timeframe of the event impact on the electricity_market is: March to May 2016. Its root_cause is: Unknown. Its accident scale is: Unknown. Its dates are: 08-03-2016 to 31-05-2016. Its affected region is: Australia. Its affected key users are: Unknown. Its cause type is: Compilation of events and analyses. Its causes are: Unknown, as the article is a general collection without specific cause details."
Assessing the opportunity for Demand Response in Queensland,Michael Williams,08-03-2016 08:21:00 AM,Areas of deeper analysis,"The summary of the news ""Assessing the opportunity for Demand Response in Queensland"" posted at 08-03-2016 08:21:00 AM is: The article discusses the potential benefits of Demand Response (DR) in Queensland, highlighting how energy users could curtail consumption during periods of high spot prices to reduce costs. It emphasizes the approach by Altus Energy Strategies, which provides tailored solutions for energy-intensive enterprises, differing from standard retailer offers. This analysis seeks to build on previous DR discussions related to South Australia. Its relevance level is: Level 3. Its category is: Energy policy. Its timeframe of the event impact on the electricity_market is: Unknown. Its root_cause is: Exploration of Demand Response strategies. Its accident scale is: Unknown. Its dates are: 08-03-2016 08:21:00 AM. Its affected region is: Queensland. Its affected key users are: Energy-intensive enterprises. Its cause type is: Economic/Strategic. Its causes are: The need for tailored energy solutions and cost reduction during high price periods."
My review of the South Australian region for January and February 2015,Michael Williams,01-03-2016 12:45:00 PM,Summer 2015-16 in the NEM,"The summary of the news ""My review of the South Australian region for January and February 2015"" posted at 01-03-2016 12:45:00 PM is: The article discusses a suggestion made by Michael Williams for large energy users in South Australia to consider spot exposure and Demand Response during January and February 2016, highlighting potential benefits of these strategies in managing energy costs. The piece also touches on services provided by Altus Energy Strategies, led by Williams, which offers customized strategies for energy-intensive enterprises to reduce costs. Its relevance level is: Level 3 (Less Relevant). Its category is: Energy policy. Its timeframe of the event impact on the electricity_market is: Short-term (January and February 2016). Its root_cause is: Market strategies and cost management. Its accident scale is: Unknown. Its dates are: 01-03-2016 12:45:00 PM. Its affected region is: South Australian region. Its affected key users are: Large energy users/enterprises. Its cause type is: Strategic/market decision. Its causes are: Suggestion of spot exposure and Demand Response for cost management."
Highest electricity demand in NSW so far this summer seen today,Paul McArdle,25-02-2016 04:22:00 PM,Summer 2015-16 in the NEM,"The summary of the news ""Highest electricity demand in NSW so far this summer seen today"" posted at 25-02-2016 04:22:00 PM is: On February 25, 2016, New South Wales (NSW) experienced its highest electricity demand of the summer, reaching 13,529 MW at 16:25 NEM time. While this figure surpassed prior summer demands, it remained below the all-time high due to several factors. These included milder-than-expected heat, the impact of small-scale solar PV reducing grid demand, and the closure of the Kurri Kurri aluminium smelter. These elements combined to keep demand from reaching historical peaks. Its relevance level is: Level 2 (Relevant). Its category is: Market reactions. Its timeframe of the event impact on the electricity_market is: Short-term, specifically the duration of the summer 2015-16 season. Its root_cause is: Increased electricity demand due to high temperatures. Its accident scale is: Not applicable. Its dates are: 25-02-2016. Its affected region is: New South Wales, Australia. Its affected key users are: General electricity consumers in NSW. Its cause type is: Natural and market factors. Its causes (a summarized list of cause events) are: High temperatures leading to increased demand, solar PV reducing visible demand, and the closure of a major industrial user, the Kurri Kurri aluminium smelter."
NSW demand rises a little today,Paul McArdle,24-02-2016 04:27:00 PM,Summer 2015-16 in the NEM,"The summary of the news ""NSW demand rises a little today"" posted at 24-02-2016 04:27:00 PM is: The recent heatwave from Victoria moved northwards, causing a notable increase in electricity demand in New South Wales (NSW) as temperatures rose, pushing demand into the yellow zone at 12,380MW, with forecasts predicting even higher demand for the following day. Though still below the all-time maximum demand, this is expected to be the highest demand observed in NSW this summer. Its relevance level is: Level 1 (Most Relevant). Its category is: Extreme weather. Its timeframe of the event impact on the electricity_market is: Short-term. Its root_cause is: Rising temperatures due to a heatwave. Its accident scale is: Unknown. Its dates are: 24-02-2016. Its affected region is: New South Wales. Its affected key users are: Electricity consumers in NSW. Its cause type is: Weather-related. Its causes are: Heatwave moving from Victoria to NSW, increased electricity demand due to high temperatures."
"Hot weather drives Victorian demand (somewhat) higher today – a rare excursion above 9,000MW",Paul McArdle,23-02-2016 03:09:00 PM,Summer 2015-16 in the NEM,"The summary of the news ""Hot weather drives Victorian demand (somewhat) higher today – a rare excursion above 9,000MW"" posted at 23-02-2016 03:09:00 PM is: On 23rd February 2016, hot weather conditions led to a significant rise in electricity demand in Victoria, with demand peaking at 9,280 MW at 16:00 local time, exceeding the typical summer demand levels. This was only the second instance during the summer 2015-16 period when the demand surpassed 9,000 MW, with the other occurrence on 13th January 2016. The warm weather produced a marked increase in electricity usage, temporarily pushing it into the orange zone on the NEM-Watch dashboard; Its relevance level is: Level 1 (Most Relevant). Its category is: Extreme weather. Its timeframe of the event impact on the electricity market is: Short-term (one day). Its root cause is: Hot weather conditions. Its accident scale is: Unknown. Its dates are: 23-02-2016. Its affected region is: Victoria. Its affected key users are: General electricity consumers in Victoria. Its cause type is: Weather-induced demand surge. Its causes are: Hot weather, increased electricity demand."
Moree Solar Farm becomes the fourth of the Large-Scale Solar Farms outputting to the NEM (but 3rd publishing data),Paul McArdle,23-02-2016 08:43:00 AM,Summer 2015-16 in the NEM,"The summary of the news ""Moree Solar Farm becomes the fourth of the Large-Scale Solar Farms outputting to the NEM (but 3rd publishing data)"" posted at 23-02-2016 08:43:00 AM is: The Moree Solar Farm has started contributing to the New South Wales region's ""Large Solar"" category within NEM-Watch, despite data for Royalla Solar Farm not being published since April 2015. This integration highlights significant contributions to the collective output of large-scale solar farms, reaching a peak output of 160MW. The Moree Solar Farm project is funded by FRV with substantial support from the Australian government and financial backing from the Australian Renewable Energy Agency and the Clean Energy Finance Corporation.; Its relevance level is: Level 3. Its category is: Energy policy. Its Timeframe of the event impact on the electricity_market is: Medium to long term. Its root_cause is: Integration of the Moree Solar Farm into NEM. Its accident scale is: Unknown. Its dates are: 23-02-2016 08:43:00 AM. Its affected region is: New South Wales, Australia. Its affected key users are: Unknown. Its cause type is: Operational. Its causes are: Inclusion of Moree Solar Farm data into NEM, Absence of Royalla data since April 2015."
Hot weather (and LNG gas demand) drives Queensland electricity demand to a new all-time peak,Paul McArdle,02-02-2016 12:35:00 PM,Summer 2015-16 in the NEM,"The summary of the news ""Hot weather (and LNG gas demand) drives Queensland electricity demand to a new all-time peak"" posted at 02-02-2016 12:35:00 PM is: The article discusses how extreme heat in Queensland during the summer of 2015-16 coincided with increased LNG gas demand, resulting in electricity demand hitting unprecedented levels. A combination of El Nino conditions and industrial demand, particularly from electric compression at gas fields for LNG export, led to the demand surpassing 9,000 MW for the first time, with predictions indicating further rises due to ongoing high temperatures. The predispatch forecast anticipated a record peak of over 9,600 MW, building on the already record-setting demand of the previous day. Its relevance level is: Level 1 (Most Relevant). Its category is: Extreme weather. The timeframe of the event impact on the electricity market is: Immediate, having occurred over a short period during the heatwave. Its root cause is: High temperatures and increased industrial gas compression demand. Its accident scale is: Unknown. Its dates are: 01-02-2016 to 02-02-2016. Its affected region is: Queensland, Australia. Its affected key users are: The electricity market and consumers in Queensland. Its cause type is: Natural and industrial. Its causes are: El Nino-induced hot weather and increased demand from LNG production facilities."
Spot Exposure and Demand Response in the SA Region,Michael Williams,01-02-2016 01:14:00 PM,Summer 2015-16 in the NEM,"The summary of the news ""Spot Exposure and Demand Response in the SA Region"" posted at 01-02-2016 01:14:00 PM is: The article discusses the energy cost challenges and opportunities in the South Australian region of the National Electricity Market (NEM) during the summer of 2015-16. It highlights the demand response initiatives and the potential for energy-intensive enterprises to leverage different energy supply strategies to mitigate costs and risks. It emphasizes the inadequacy of traditional retailer approaches in addressing specific customer needs while safeguarding profit margins. Its relevance level is: Level 3 (Less Relevant). Its category is: Energy policy. Its timeframe of the event impact on the electricity_market is: Unknown. Its root_cause is: Market strategy inadequacies in managing demand response. Its accident scale is: Unknown. Its dates is: 01-02-2016 01:14:00 PM. Its affected region is: South Australian region of the NEM. Its affected key users is: Energy-intensive enterprises. Its cause type is: Strategic/Market. Its causes is: Inability of traditional energy supply strategies to address customer-specific needs, leading to a demand for more customized solutions."
Next Step for Smart Grid in Australia,David Dawson,29-01-2016 02:37:00 PM,Market Reform,"The summary of the news ""Next Step for Smart Grid in Australia"" posted at 29-01-2016 02:37:00 PM is: The article discusses the current state and future direction of Australia's electricity market amidst increasing PV penetration and smart grid initiatives. It highlights the slowing of electricity demand growth due to consumer adoption of efficient technologies, and the potential for dynamic tariffs to better align with actual usage patterns. It also points to the inefficiencies in current subsidy structures which have unintentionally transferred wealth from lower to higher income households. The reluctance of network operators to invest in smart grid technology is attributed to low demand forecasts, but calls for continued adoption of innovations to maintain financial viability. Key measures include dynamic tariffs and storage technologies which, despite being uneconomical currently, are expected to become viable in the near future. ; Its relevance level is: Level 3. Its category is: Energy policy. Its timeframe of the event impact on the electricity_market is: Medium to Long-term. Its root_cause is: Changes in consumer behavior, increase in PV and storage technology adoption, regulatory and market challenges. Its accident scale is: Unknown. Its dates are: 29-01-2016 02:37:00 PM. Its affected region is: Australia. Its affected key users are: Consumers without solar PV, Network Service Providers (NSPs). Its cause type is: Economic and Regulatory. Its causes are: The adoption of energy-efficient appliances, increased PV installations, inadequate subsidy structures, regulatory challenges in smart grid advancements."
"Queensland demand forecast to break 9,000MW for the first time next week",Paul McArdle,28-01-2016 09:36:00 PM,Summer 2015-16 in the NEM,"The summary of the news ""Queensland demand forecast to break 9,000MW for the first time next week"" posted at 28-01-2016 09:36:00 PM is: The article discusses the forecasted rise in electricity demand in Queensland, Australia, which is expected to exceed 9,000MW for the first time due to predicted extreme weather conditions. This increase could cause a significant impact on electricity prices and grid stability if it holds true. Its relevance level is: Level 1 (Most Relevant). Its category is: Extreme weather. Its timeframe of the event impact on the electricity market is: Immediate. Its root cause is: Unusually high temperatures and humidity. Its accident scale is: Unknown. Its dates are: 28-01-2016 onwards, focusing on Monday and Tuesday of the following week. Its affected region is: Queensland, Australia. Its affected key users are: Residential and commercial electricity consumers. Its cause type is: Weather-related demand increase. Its causes are: High temperature and humidity leading to increased electricity demand."
NSW electricity demand a shave higher than last week,Paul McArdle,21-01-2016 03:29:00 PM,Summer 2015-16 in the NEM,"The summary of the news ""NSW electricity demand a shave higher than last week,"" posted at 21-01-2016 03:29:00 PM is: The article discusses a rise in electricity demand in New South Wales (NSW), Australia, due to hot weather. On a particular day, demand exceeded the previous week's peak, reaching 12,742MW by the afternoon before a drop due to potential price-sensitive demand response. The demand climbed again to 12,845MW, setting a new peak for summer 2015-16. Factors such as holiday schedules impacted demand, with expectations of changes as schools and businesses resume normal activities.; Its relevance level is: Level 2 (Relevant). Its category is: Market reactions. Its timeframe of the event impact on the electricity_market is: Short-term. Its root_cause is: Hot weather conditions leading to increased use of air conditioning. Its accident scale is: Unknown. Its dates (if different from the main date; if the same, repeat the same date) is: 21-01-2016. Its affected region is: New South Wales, Australia. Its affected key users are: Residential and commercial electricity consumers. Its cause type is: Weather conditions and demand response. Its causes (a summarized list of cause events) are: High temperatures increasing electricity demand, potential price-sensitive demand response reducing spikes, and holiday schedules affecting demand patterns."
"NSW demand tops 12,800MW and reserves tighten today – prior to the cool change",Paul McArdle,14-01-2016 04:12:00 PM,Summer 2015-16 in the NEM,"The summary of the news ""NSW demand tops 12,800MW and reserves tighten today – prior to the cool change"" posted at 14-01-2016 04:12:00 PM is: On January 14, 2016, New South Wales experienced a significant demand for electricity, exceeding 12,800MW, due to high temperatures in the Newcastle-Sydney-Wollongong region. The Australian Energy Market Operator (AEMO) issued warnings of low reserve capacity, initially at LOR1 and later escalating to LOR2, indicating a potential risk of load loss if a large power unit tripped. The demand peaked at 13:45 before a storm cooled the region, leading to a decrease in demand and stabilized prices. The cool change eased the pressure on the grid and provided relief to both residents and grid operators; Its relevance level is: Level 1. Its category is: Grid/system instability. Its timeframe of the event impact on the electricity market is: Short-term, within the same day. Its root cause is: High temperatures driving demand. Its accident scale is: Unknown. Its dates is: 14-01-2016. Its affected region is: New South Wales, especially Newcastle-Sydney-Wollongong. Its affected key users is: Residential and commercial electricity users. Its cause type is: Weather-related demand spike and grid pressure. Its causes is: High temperatures resulting in increased energy demand, tight supply conditions, and subsequent cooling from storms reducing demand."
"NEM-wide demand breaks 32,000MW – highest so far this summer",Paul McArdle,13-01-2016 04:17:00 PM,Summer 2015-16 in the NEM,"The summary of the news ""NEM-wide demand breaks 32,000MW – highest so far this summer"" posted at 13-01-2016 04:17:00 PM is: The National Electricity Market (NEM) experienced a significant increase in electricity demand, surpassing 31,000MW for the first time in the summer of 2015-16, eventually reaching 32,052MW by 16:20 on January 13, 2016. This increase in demand was accompanied by pricing volatility in regions like Victoria and South Australia, with Queensland also seeing rising demand. Generators made strategic bids to manage volumes and exposure during peak demand periods. Its relevance level is: Level 2. Its category is: Market reactions. Its timeframe of the event impact on the electricity market is: Immediate, extending through the summer season. Its root cause is: High electricity demand due to extreme temperatures. Its accident scale is: N/A. Its dates are: 13-01-2016. Its affected region is: National Electricity Market (NEM) regions, particularly Victoria, South Australia, and Queensland. Its affected key users are: Electricity market participants and consumers in NEM regions. Its cause type is: Demand surge. Its causes are: High temperatures leading to increased electricity consumption; pricing strategies by generators in response to demand."
"Queensland demand rises above 8,000MW",Paul McArdle,12-01-2016 04:06:00 PM,Summer 2015-16 in the NEM,"The summary of the news ""Queensland demand rises above 8,000MW"" posted at 12-01-2016 04:06:00 PM is: The electricity demand in Queensland has risen above 8,000MW for the first time since early December, despite significant contributions from around 500,000 small-scale solar PV systems, particularly in the south-east. This marks one of the few occasions this summer when demand surpassed such levels, potentially anticipating a peak demand of over 9,000MW, which would be a historic first. This increase in demand highlights the growing pressure on the electricity grid during peak periods in the summer, emphasizing the importance of monitoring such trends. Its relevance level is: Level 2. Its category is: Grid frequency issues. Its timeframe of the event impact on the electricity_market is: Short to medium term. Its root_cause is: Increased electricity demand due to high summer temperatures. Its accident scale is: Unknown. Its dates are: 12-01-2016. Its affected region is: Queensland, Australia. Its affected key users are: General residential and commercial electricity consumers in Queensland. Its cause type is: Natural demand fluctuation. Its causes are: High temperatures leading to increased cooling demand, reduced effectiveness of solar injections during peak usage."
"NEM-wide demand climbs above 30,000MW today",Paul McArdle,11-01-2016 04:18:00 PM,Summer 2015-16 in the NEM,"The summary of the news ""NEM-wide demand climbs above 30,000MW today"" posted at 11-01-2016 04:18:00 PM is: The article notes that the NEM (National Electricity Market) experienced a significant increase in electricity demand, surpassing 30,000MW due to rising temperatures across mainland regions. This resulted in fluctuating electricity prices, with some dispatch intervals seeing prices soar into the hundreds. The demand peaked at 30,606MW before decreasing as cooler weather approached Melbourne. At the time of the article's posting, demand remained slightly above 30,000MW.; Its relevance level is: Level 2. Its category is: Market reactions. Its timeframe of the event impact on the electricity market is: Short-term, as it mainly concerns the demand fluctuations within the day. Its root cause is: Increased temperatures leading to higher electricity demand. Its accident scale is: Unknown. Its dates are: 11-01-2016. Its affected region is: Mainland regions of the NEM, including Melbourne. Its affected key users are: Unknown. Its cause type is: Weather-related. Its causes are: Elevated temperatures increasing electricity demand, followed by a cool change reducing it."
A collection of some core analytical challenges,Paul McArdle,01-01-2016 04:00:00 PM,Uncategorized,"The summary of the news ""A collection of some core analytical challenges"" posted at 01-01-2016 04:00:00 PM is: A collection of articles addressing central analytical challenges, with prior insights emphasizing the unpredictable nature of forecasting. Its relevance level is: Level 3 (Less Relevant). Its category is: Energy policy. Its timeframe of the event impact on the electricity_market is: Unknown. Its root_cause is: Challenges in analytical methodologies. Its accident scale is: Unknown. Its dates are: 01-01-2016. Its affected region is: Unknown. Its affected key users are: Unknown. Its cause type is: Analytical challenges. Its causes are: Unpredictability in forecasting and categorization difficulties."
